word,var,expect
worst,0.09733826671508151,1.3704399256171687
horrible,0.0812115722398447,1.4548421683920738
incredible,0.07301552122390606,4.447224851849094
rude,0.07096180772265208,1.5310473262209894
gem,0.0706125813057629,4.463430924958579
terrible,0.06914733775315826,1.5350236116789444
die,0.05879345553217069,4.344296369828892
awful,0.05696171667450394,1.6117792994171372
perfection,0.05384651403889009,4.344924468356265
amazing,0.051997889541409055,4.254136175976167
highly,0.05027090573400594,4.195597685692082
fabulous,0.0472787406500024,4.21558761643145
outstanding,0.04664306470757717,4.229078786504354
manager,0.04323635209708069,1.9216430883324513
wonderful,0.041843243774533745,4.156016331589841
fantastic,0.041574964834952786,4.1968857920400255
perfect,0.04125701380963914,4.220380325183249
poor,0.03891710221352704,1.819352740377762
favorite,0.037577632471985686,4.1232649836675925
awesome,0.036089709119486446,4.120161712937054
notreturn,0.0360383379539678,1.8733658560141493
notdisappointed,0.03498143232603162,4.033459537515371
delicious,0.03466278625322743,4.137614282585731
notch,0.03447310630034403,4.098576862711577
yum,0.033844488085066383,4.109790808027575
recommend,0.03362197770756933,4.096220602453448
favorites,0.033557893259927446,4.089644216855683
notagain,0.033299948390925115,1.9406863589733192
perfectly,0.032956541723573846,4.116337783377249
excellent,0.032883193908126856,4.108090474764182
management,0.031337212394926366,1.9869187383863842
dirty,0.030690146971263835,1.952083242341476
mediocre,0.03007652356870534,2.1153284872117113
notrecommend,0.029102011136720597,2.0093253743185757
told,0.028823986311139454,2.039696422060105
yummy,0.0285522916764509,4.022983254030059
phone,0.027628745990492205,2.1488028406767135
helpful,0.027626889983975278,4.033372257002213
notcoming,0.027241389408285067,2.0074756532539513
disappointing,0.027025167798940455,2.069110255237259
loved,0.026764095251288405,4.004058399267916
notimpressed,0.025813203934375063,2.4274990838125357
best,0.02580887698102277,3.879521102825217
bad,0.025490630551694073,2.0329422925071894
waited,0.025116265517582774,2.0392059033509895
called,0.02506407554641092,2.196893963760446
bland,0.02504094114693353,2.1372450707709723
noteven,0.025011702973908867,2.085983972880003
love,0.02463531392198383,3.9263129151900427
impressed,0.024218037475698628,3.9602036774229794
cozy,0.023907280925792123,3.9636903338272136
notback,0.023746536459150595,2.0889515398848406
minutes,0.0234435544432032,2.0860597742266753
asked,0.02343982689897772,2.087815403065676
sorry,0.02302860389475228,2.098019304958103
solid,0.0228789394776678,3.4516430430912526
overpriced,0.0227416689603326,2.141924254027896
notshe,0.022724619939437023,2.0940681658542073
thank,0.022641660984186237,3.646983681996964
notgoing,0.022226310832478915,2.105482078756413
great,0.0218989243571819,3.9065725015791686
flavorful,0.021859035218170793,3.9277558556005387
juicy,0.02179969009405005,3.899384628984489
comfortable,0.021750922977058232,3.9147980149845183
notcame,0.021738311512550693,2.1025227507608846
unique,0.021549657452708246,3.9253623741573973
wrong,0.021375964721490063,2.118391550177544
disappointed,0.02081029836666133,2.1526359139497706
nother,0.02034385907851648,2.1305983804671
him,0.020331444697328224,2.2622468936586357
homemade,0.020266519833591404,3.873211687907944
paid,0.020245164017849218,2.14725954787018
rich,0.020142105669253778,3.8816663413226964
notus,0.020009881393943656,2.148979608818683
friendly,0.019949030881257608,3.8862737214978877
worth,0.019833967491795994,3.8704689692545986
reasonable,0.019777405896018715,3.868161499051319
notworth,0.019687668686845173,2.17766884667637
authentic,0.01947648713949682,3.8303250964996156
glad,0.019158135124151043,3.837899163194723
average,0.018943895988365614,2.6503057455228896
notno,0.018866328272139618,2.1732039879618177
money,0.01879398784510843,2.218560971876582
charge,0.018682834733596727,2.1690200962760504
creamy,0.018658614520306347,3.8317399763249593
fresh,0.01851320465170536,3.846501112105606
healthy,0.018377658670553583,3.8314602103897313
phoenix,0.0177377440046759,3.743106732695174
casual,0.017718283195429202,3.759631991473322
okay,0.017668382836093628,2.5558167573781545
attentive,0.01752584076634914,3.8345784205363604
barely,0.01752191890984487,2.1910533832816115
walked,0.017507531582433025,2.325990171178309
ok,0.017327462862654693,2.5248890433259206
vegan,0.017214329809563212,3.782361048588406
sad,0.017138012782921336,2.2218968757913977
recommended,0.017036399852798173,3.737890203245559
wow,0.01695768962884735,3.4939310654107545
45,0.01693766327594595,2.2213533764395876
notcare,0.016913785414756098,2.245656641739795
complaint,0.016723487942153514,3.4226517929376232
says,0.01658879143380964,2.279476005668927
enjoyed,0.016503701640089186,3.6945257687243007
empty,0.01649036174845295,2.1913326903920396
notever,0.01645064171214871,2.3161146527123595
tender,0.01636620168842717,3.786609048883727
always,0.016087484091755817,3.769057431920252
hands,0.016083433375904423,3.4246820420998683
bill,0.016012366261659337,2.2132032065330836
dry,0.016009291605938673,2.328127385663564
her,0.015870867355351814,2.2894915817060704
spot,0.015842563744863813,3.7814041114534964
notour,0.01577070960257222,2.233165819517991
definitely,0.01570082811422036,3.773797196603874
said,0.015615781685093179,2.261895720043954
decent,0.01559547986326191,2.817585871314915
she,0.015067619828814355,2.288375504713803
waiting,0.015031075227369909,2.274727215534365
later,0.014968274609739016,2.3145161447896485
flavors,0.01490852051399238,3.7696274159871783
cold,0.014691731932913519,2.2719313279969304
stuffed,0.01450017370565093,3.7467106536470256
completely,0.014490775328817781,2.3101139120295535
received,0.014470033693832178,2.27895501944584
nothe,0.014409883688481508,2.2967089290440925
tasty,0.01439478680371367,3.6285710422104405
lovely,0.01435244250988563,3.7487004433276447
customer,0.0142861600148327,2.505688086231944
never,0.014251172469522387,2.4959229014540685
frozen,0.014029698807460241,2.2612683193569447
left,0.014009958507028417,2.294401283866459
notflavor,0.013686009973862604,2.315638564224389
treat,0.013600896509995434,3.5689397388803514
beautiful,0.013469072708390805,3.708679418176574
absolutely,0.013455218289801745,3.423203389251874
lady,0.01339416463457611,2.3845335149818765
generous,0.013379429703188974,3.6894734451693756
ever,0.01334997373695452,3.141893703468338
unfortunately,0.013328040027000743,2.435844917217715
notservice,0.013180951634024475,2.3221881870846373
truly,0.013180127019065525,3.5224630351317425
las,0.013137898589293082,3.5731885706474915
40,0.013128080953440594,2.347383336482605
variety,0.013070348950230211,3.6787062422742256
notgive,0.012974441733726574,2.3024935790464913
understand,0.012880453561364191,2.294672584213926
customers,0.012868869478573493,2.3799606385523346
card,0.012815171677811025,2.319216531288665
finally,0.012650170782255013,2.3519333531701463
notwill,0.012534569007962336,2.361146822534737
traditional,0.012448170354813456,3.666846285554139
classic,0.012421456422839587,3.662074761430584
15,0.012367174581271347,2.317859383481285
world,0.012240244320657777,3.5875849542997233
crisp,0.012222281509741384,3.659505348842857
shared,0.012200292587067198,3.6867009029764444
vegas,0.012163599792720683,3.6299839745944222
filling,0.011925194327019202,3.6224888780173945
hostess,0.01180881287715113,2.345752013758907
call,0.011729892518076601,2.5278114221505077
notfresh,0.011703265903544154,2.3589084235267515
cocktails,0.01159884241469644,3.673076999320841
pricey,0.011587552785911032,3.415826234065706
vibe,0.011573019386184399,3.6676312126454214
outdoor,0.011567696501118847,3.61689177676083
notgot,0.011523891511445608,2.3687658851922735
no,0.01144840075664416,2.3566504370004404
fun,0.011411691602832862,3.645665608917511
topped,0.011347627070485325,3.6554478629540186
notafter,0.01123355539998634,2.3537086915159837
atmosphere,0.01112625326586358,3.665670641557588
crispy,0.011101792915830445,3.6395900670195513
mouth,0.011072155881267748,3.5462780495920154
prefer,0.011065514371544447,3.2832885083607164
modern,0.011054097829924506,3.635167231385906
saying,0.01094807948748268,2.3727827914121384
every,0.010852296117804213,3.5125635598433753
typical,0.010791956812680092,3.1634994710305597
fan,0.010693019854468399,3.540039449329306
closed,0.01066165612753428,2.5254977852804394
thanks,0.010660919241634932,3.4293342623859417
town,0.010649055734412431,3.5770181793066826
soon,0.010643119083732376,3.4853710778933777
leave,0.010643113767486055,2.4435439966840558
liked,0.01061329894059061,3.3138538923277023
literally,0.010606326293599375,2.4736704780869894
bit,0.010595954604251338,3.291313242545153
notask,0.01054046147756739,2.3874704587010345
super,0.010475891596288357,3.6221475221369324
overall,0.010474893873252733,3.151389728394708
notorder,0.010229628571565405,2.386785077361191
selection,0.01019718766600817,3.577164941764109
interesting,0.010172422891919473,3.384989458265984
nottable,0.010147693789393696,2.364009824323152
wo,0.010129733468234014,2.444975085113223
located,0.010060936083716995,3.5301388857688867
specials,0.010053303076529978,3.57311656364669
must,0.010036302940315074,3.5506740546093853
20,0.01000028457033727,2.391085522424219
notcome,0.009968953166771611,2.396796970948006
girl,0.009956276430467268,2.430901384525313
notwhy,0.009775456566454888,2.3884237862290245
talking,0.009760278573909063,2.4604512658467956
everything,0.009751896384197704,3.5530582784375246
greasy,0.009697237957899752,2.4479094822493477
owner,0.009528121847779562,3.0700025820594257
life,0.009515073610606217,3.300941399643608
roasted,0.009431189372995951,3.6005541320148926
nothing,0.009354547577572087,2.564137731611961
happy,0.00930014954838199,3.5933021038831745
notwe,0.009293503221035487,2.409593776385299
visiting,0.009272059045107677,3.5096883485394876
belly,0.00925352998563373,3.606521406961906
asking,0.009244482107579347,2.4174056593531725
he,0.009213194841840152,2.5132920243070798
spicy,0.009146840140188264,3.5582003886142997
nothow,0.009134133323140375,2.452103813974349
waitress,0.009113287720083891,2.408886181684299
delivery,0.009103554791061825,2.6131912499986085
nicely,0.009101620011155217,3.4601437089038214
notprice,0.00904772420823578,2.555540895920279
date,0.009038724330917482,3.5811000520188943
cute,0.008869727523597737,3.498954161770465
spice,0.008866992035463643,3.574274591922663
interior,0.00881022883229235,3.40408676297782
notright,0.008789922023833602,2.434911707938899
slow,0.008788981078525855,2.5107257018266678
notdid,0.008764766499536038,2.4213055523426523
took,0.008763893319877605,2.4259372768068284
fairly,0.008761429317712153,3.0623920888895344
guess,0.008759209200787196,2.45282449162593
turned,0.008731012858366673,2.46838579768603
problem,0.00870957043148357,2.456333822471966
mango,0.00869378911247077,3.5802454204503005
local,0.008660629586128728,3.5768559753166174
filet,0.008656409217005858,3.5653896029393186
30,0.008608961935404967,2.439075068402314
desserts,0.008604522923059061,3.565309534564094
light,0.008571779137929196,3.559508528128877
notordered,0.008548179498044694,2.438015008001985
employees,0.008531584100763122,2.50106891028934
pretty,0.008524238345434417,3.092394597766771
clean,0.00851730052931114,3.580638672232754
notthis,0.008461533865766566,2.514330172826276
standard,0.008263236604519364,3.1173792846243424
quick,0.008260603169165852,3.496206316267475
noteat,0.008231825215579329,2.50199551212206
business,0.008114224574013926,2.63668645066576
notbeing,0.008075749900380385,2.4356417410868856
sitting,0.008049601292583095,2.4519879762541943
forgot,0.008022228029952488,2.4545757677096485
notbe,0.007975594665891006,2.4687120010467694
weird,0.007956569452279433,2.599862758370273
nottaste,0.007932648994104197,2.4907078513343506
maybe,0.007877067524410818,2.6598117919964763
notpeople,0.007787799961326899,2.4740694303047412
rating,0.007783159153947903,2.851578718297942
choose,0.007753304066152883,3.539493373917628
vegetarian,0.0077495306906638466,3.539137198903901
notbest,0.0077393662411289295,3.157115897364726
meats,0.007703137905531864,3.538270547577815
smoked,0.007623610905130807,3.5270726618048034
notmake,0.007595760771949734,2.4701023445112447
lamb,0.007584666422617978,3.5341875310210735
notone,0.007581762764287165,2.4869935699265815
ambiance,0.007580834403555257,3.5406118730317777
chocolate,0.007579378693180902,3.546920147123167
easily,0.007560321433042295,3.5330533987379034
notthere,0.0075495083687196355,2.4550068375585425
notuntil,0.007548793519810889,2.468152510579588
soft,0.00754618673415686,3.479114528077376
tell,0.007467736345585521,2.7520456202974506
slightly,0.007451802745808043,3.2017407917478695
why,0.00742779036155949,2.459855510303714
kinda,0.00737929148803051,3.0163037068715246
prepared,0.007359025019200296,3.528177711591658
sometimes,0.007349121822815992,3.3893070947002997
seemed,0.00734482809059092,2.6154462894101256
addition,0.007337738990148254,3.5212337946238486
option,0.007322454067978325,3.2976412017342707
someone,0.007305281163777772,2.468602507278783
then,0.007297471213997559,2.4953683481382685
notcould,0.007240714667107709,2.47397090282313
notreally,0.007228193072220715,2.9370367318063204
notdrink,0.007205575688727054,2.466807337723937
pleasant,0.007202257594505101,3.5053531203956636
style,0.0072014509828069746,3.5110208287108273
family,0.007178106968029798,3.372913284408716
seating,0.0071566306253544,3.4404290816046657
korean,0.007128617818754588,3.4698146727120047
duck,0.007126973189944143,3.5134966774810588
often,0.007120863731446795,3.529060076869791
honey,0.007118842666668674,3.502508237887036
should,0.007109958789953434,2.4761032399479523
noteither,0.007109537474234805,2.5924530818038134
lots,0.007104085406475337,3.418869596147999
trip,0.0071027367206587845,3.5117213295593257
oysters,0.007072349062941686,3.5260380424398643
seasoned,0.007069079978495284,3.511790563060913
stay,0.007049050218837445,2.592299253726231
share,0.007038952520101665,3.51316353633395
stars,0.007020807615440804,3.014083371497546
mushroom,0.007015781201931113,3.4698362083106273
perhaps,0.006976459128956295,2.686593469365424
neighborhood,0.006970338036656693,3.5156863145186246
notfan,0.006954961437779528,3.36115161070449
notgreat,0.006950029833037617,2.8600314086880614
pay,0.006916965762068141,2.4785626119653985
notwant,0.006879296038872189,2.489471688766075
city,0.006861404945885674,3.516132699758019
drive,0.006788345851360288,2.8177875412804974
italian,0.006784896193208166,3.51917860270956
nottime,0.006774708977280375,2.497020213639
gone,0.006735539130764837,2.5048784635246424
notbad,0.006723919569731652,2.836987468142641
notnot,0.0066960845839733035,2.4872164288537366
total,0.006688526025468714,2.5132855764652953
fine,0.0066672123145191395,2.6554276463900397
rather,0.006666435894547939,2.6344312426553365
options,0.006651565676878446,3.457118578209594
scottsdale,0.006638984425796927,3.465344614996096
however,0.006593643508436075,2.787300401586422
brunch,0.00659110342501514,3.486501641667751
coming,0.006574849156696131,3.4587621160712927
owners,0.00652995539308709,3.1647998454093806
little,0.006511046047889041,3.3392025267366243
notup,0.006506593165950484,2.4927429338547404
good,0.006493036577607342,3.3542989441870854
japanese,0.006486674764857293,3.471631858210434
avocado,0.006474140107279078,3.4990107635223393
salty,0.00644520887046672,2.609899906791964
makes,0.006426822300612683,3.506371237690351
anyone,0.006422988548046311,3.171110186839669
sweet,0.0064147071190808124,3.4659753719430877
notgood,0.006396981121055012,2.5785842315827128
arrived,0.006396387799850232,2.512860610220318
notway,0.0063811381742957364,2.5144922054224104
sat,0.006356722307827793,2.5212046210433843
notwere,0.006309516223883601,2.4979794309873555
nice,0.0062965947945792505,3.4057201430283723
instead,0.006255576542871481,2.5138637896261695
waffles,0.006235948362474899,3.495164931862264
portion,0.00621615855684955,3.2682923309327876
cool,0.006192113099732818,3.4650254295466567
notbusy,0.006185299822904922,2.5070771242309338
true,0.006181917957527297,3.459976419230554
huge,0.006173963755204557,3.482666413217756
sauces,0.0061551262365620585,3.4774770539120894
notfood,0.006142961128801633,2.5346250422023697
stop,0.0060991376993790175,3.4692985435065435
la,0.006053488300773916,3.4912129708307464
nottake,0.006012269329461379,2.5363859963793525
decor,0.005998689005064032,3.38978232236341
enjoy,0.005995189747798152,3.471166055341544
portions,0.005978812989344117,3.4516906191357255
guy,0.005946785113587707,2.605950662752045
plenty,0.005943755264248124,3.4359857142782
space,0.00593123378678829,3.321613713462176
waiter,0.0059273390416890856,2.5467764363650365
fast,0.005925308448782323,3.481935311175008
dessert,0.0059191459573474355,3.4746809707480706
wine,0.005911302783542182,3.482478342072311
notme,0.00590237033157411,2.5209461618592766
water,0.005888399556376268,2.523414267193167
garlic,0.005879255556050898,3.4612186805957834
greek,0.005873884244320976,3.407679766240317
packed,0.005864886612900554,3.424708772739246
bartender,0.0058064052605940174,2.6118209532988876
pie,0.005803513226656968,3.4788095915925568
parking,0.005789557865690995,3.3438909196429174
touch,0.005785085758104413,3.4427578687062295
grilled,0.005768264261642493,3.4393314391384964
choice,0.0057573916575022945,3.4354442373142566
patio,0.005733551609240647,3.4034136304933313
strip,0.0057235182881388074,3.468902441980936
split,0.005711544291976987,3.4383569417249533
notthey,0.005663581273162004,2.5361299812603706
after,0.005642855734209603,2.5521325945790214
beers,0.005642755170426679,3.3769621271180537
notrestaurant,0.005623556742165952,2.563033241206868
easy,0.005615486977765114,3.446961870470472
notoff,0.005600788450755005,2.5425745922463623
notknow,0.005598919223661054,2.5419447966807724
nothere,0.0055952236143618165,2.5826385190090675
downtown,0.005589393057986191,3.45348560929306
notthem,0.005583939499602241,2.5351252253485885
though,0.0055829961161297965,3.046909595353065
you'll,0.005579162485712112,3.4682796175419357
choices,0.0055361541956056365,3.4313648160098786
notwait,0.00550889876203702,3.361424079238595
potato,0.005503226136418544,3.384277663196225
toronto,0.005491483708365893,3.4546742199440987
notat,0.005482936571315669,2.5371870509245635
another,0.005482220094943377,2.5364650275875387
baked,0.005468971405815547,3.4631036503869606
although,0.0054591145071914435,3.1380089875139787
notan,0.005457206552823373,2.545114954422048
care,0.005453268764077639,3.173176132231309
noticed,0.005436784568033889,2.544788632266729
week,0.005425173487039489,3.400829904725002
chef,0.005415876461820281,3.2898402890056806
notthough,0.005363652644588423,2.890887571192883
looked,0.00536003624141033,2.539525050219264
notthink,0.005336343471807177,2.6627613997162896
cake,0.005334389767720567,3.45981491725937
quite,0.005321079205289013,3.193482543960179
spinach,0.005294813942604581,3.401788515610743
nottried,0.0052669893738008485,3.447359867692362
tonight,0.0052579050515438,2.642075792674712
live,0.005233088490982436,3.4213891722261436
notvery,0.005224134288267421,2.678967923345249
notlot,0.005204179841538052,3.012714637733555
ingredients,0.005198428634935631,3.445019288830113
cuisine,0.005191647936445143,3.4525535961228706
rib,0.005190970476446163,3.441759454643974
else,0.005173854246365529,2.560106375550329
notonly,0.00512241499498842,2.709097764434862
try,0.0051222598231020445,3.4491834906546854
hit,0.00510570283276215,3.2996377025248327
his,0.0050919713888720455,2.70243093328893
notfirst,0.005091338566622409,2.5678271902258785
nottoo,0.00508245937779623,3.2980966319037117
otherwise,0.005055384992750701,2.9386441191934067
mostly,0.005048206119802267,2.8369035104514775
everyone,0.005039279007556826,3.3820635261992087
surprised,0.005024786258857601,3.3785828944630407
notif,0.004990129462680608,2.5735735405846594
diner,0.004982872191704029,3.307703462092236
notor,0.004960484982605915,2.5584814042489534
notwould,0.004931513154871197,2.6298592652688386
craving,0.0049032075151818144,3.3456509829534045
lemon,0.004876126542678026,3.4016533313475548
notsee,0.004872405913709238,2.5912900827959713
notdo,0.0048705626265422375,2.5721198737426505
notto,0.00487042585038848,2.574050599629217
tofu,0.004840905430879339,3.3899828831367183
notand,0.004824024211425143,2.5770288434616706
list,0.004820410088073443,3.4303072515117004
french,0.004816064300626007,3.433887983952876
away,0.004800149361007021,2.6813558069888366
tasted,0.004784255775962821,2.588430406418182
notwas,0.0047806696472625825,2.5680527418066443
notwhat,0.004769178402829181,2.5960781086528577
mix,0.004757824915653148,3.404214760557395
son,0.004750647455711085,2.9143981387681066
veggie,0.004710449926650793,3.374399664450232
notmade,0.004700648064512184,2.591482156899734
over,0.004684603674846725,2.5817617175135914
burgers,0.004664646348217438,3.3644916861297482
notyour,0.004641991817327905,2.6587804645183875
expected,0.0046250939018420015,2.867516595873423
crowd,0.004624123126148107,3.256387981522223
hours,0.0046091640774483696,2.7116789604920015
notany,0.004602774664541028,2.578184825251379
25,0.004601400224247439,2.5897343421009587
us,0.004598821247516792,2.6683876429781024
broth,0.004591366677409591,3.218068392841337
ramen,0.004586997124402716,3.272428493994078
notall,0.004585777876322229,2.587799584395505
pita,0.00457999719305958,3.3927240868890465
mall,0.004560669746061011,3.3395715177922494
notmy,0.004546738084782994,2.581166748561979
salt,0.004528532076417668,2.8039980200370263
presentation,0.00452543239832428,3.382654147127101
american,0.004517583260591173,3.322862285751
behind,0.004514638277418837,2.6111265693662213
shop,0.004470590450460434,3.412398634600189
brisket,0.004392018691601658,3.3772063457592516
value,0.0043721972681190265,3.343345228587312
notwhere,0.004350852458031613,2.6179998518612964
probably,0.0043449374872517165,2.952997889472824
butter,0.004327692737598814,3.4005264028697755
better,0.0043047725665014075,2.757099433714041
green,0.004303044673018808,3.411125007224915
basically,0.004185971144662991,2.6422563371093157
staff,0.004183094169244901,3.3253188937257607
loud,0.004180876976824648,2.762084757836411
until,0.004172284024688248,2.611369427245868
notgo,0.0041616738031042795,2.6513459735143092
orders,0.004152833888799215,2.6004911031821902
course,0.004142959331597921,3.404792266853055
surprise,0.004135569667427733,3.378754999197524
wanted,0.004133124422803172,2.6019028907631503
notsure,0.004126475847212211,2.7674427419933325
excited,0.004116786074624356,2.7248119121926164
minute,0.004116060307935468,2.639631194772145
notmuch,0.004104090204400799,2.882666745316658
did,0.004087283200749033,2.6043565263652706
notsomething,0.004081133649642695,2.661767837937709
pad,0.00407547548043935,3.3362066111850956
crowded,0.0040753511702123,3.234648321518703
thai,0.004034653270936655,3.3989045005059704
opinion,0.004029729113727545,3.1235920652537636
notbecause,0.004024812162366312,2.6042095691261915
mushrooms,0.004019482023923765,3.362568088165849
notplace,0.0040063384189814,2.637478281774993
noodle,0.003989937688828327,3.2046985377791923
curry,0.00398103157242017,3.3822699335267514
person,0.003962414844003629,2.616037563632923
given,0.0039556850683737654,2.6533732656773097
also,0.003931995303774446,3.387219653613799
miss,0.003919473652870474,3.1137354429921547
store,0.0039008286803060292,2.6422768092597155
pancakes,0.0038861304642856,3.363546566541842
itself,0.0038679214274874017,3.0219573717431434
sandwiches,0.0038410757557916313,3.384447783311736
smaller,0.0038142327141010373,3.0924557124803287
cream,0.00381137245953751,3.3758272241824683
w,0.0037875283915089317,3.331770138789131
plain,0.003787091510927766,2.7014826584130134
1,0.0037767898171824064,2.6144597089762955
ca,0.0037710573047190247,3.304291579562133
dishes,0.003761574613786827,3.353686254605578
return,0.003761108011274527,3.3565602938562495
seems,0.0037559205886134803,2.890485638018626
needs,0.0037546116394473633,2.644788741381961
texture,0.0037396190924462018,3.260273815573116
sure,0.003723285946678607,3.363165890608981
kitchen,0.0037222590835097706,2.634533902458147
notfor,0.0037200409561410058,2.632672441742515
notwhen,0.0037064311753283756,2.617000966034117
seriously,0.0037042685610202734,2.8371013487331536
please,0.0037030308629610485,2.7471903887413665
notexperience,0.0036941945152451296,2.674973984641888
taking,0.0036930242240268392,2.6308325787685805
put,0.0036901469171778173,2.644841914100779
tiny,0.0036839698318249705,2.6460780430294553
especially,0.0036829569434898755,3.351560466551133
veggies,0.0036594023598250066,3.3235100687139316
pork,0.0036593328571261283,3.333098579046893
scallops,0.0036586619695142828,3.37334366002915
breakfast,0.0036492321060414097,3.375509850138345
crust,0.003647161450815922,3.3451515470953264
indian,0.003640982709064004,3.3394751298769347
today,0.0036246145817011494,2.7749429816211126
saw,0.003616009598233885,2.639438357749538
entire,0.0036129710985460233,2.732511021427298
along,0.003605502053238761,3.361417824299565
lol,0.0035889951150826086,3.359855247499319
notwrong,0.003577780112845606,3.3535380852991534
notchicken,0.0035653152557711242,2.6411021103486982
ask,0.0035624690876991556,2.667115883084263
notjust,0.0035559977290727904,2.637336816859735
tip,0.003548384777047266,2.63085329501959
cost,0.0035231119721152973,2.6358611018344487
prices,0.003509671934468602,3.3505616049823277
attention,0.00348917704508752,2.6713250470083034
tuna,0.0034634895522932933,3.3344501645402294
large,0.0034628883361973394,3.2919486041824935
notanything,0.003459653952949451,2.648741253600708
combo,0.003450344753981411,3.3510097972770163
establishment,0.00343614934698199,2.7661225014357465
lunch,0.0034348383080772243,3.331705551240643
usually,0.0034270824899299383,3.3330701663454136
incredibly,0.0034247695769167026,3.1451453996342487
expensive,0.003401707815889506,2.773944830174298
greeted,0.003397598565951147,3.246177246605372
real,0.003385798303530368,3.324725831606385
10,0.003378253645498863,2.670546532895451
single,0.0033728730608039077,3.102301742637811
pot,0.0033600401363665443,3.2924244693639158
similar,0.0033353399212224517,2.9445151155097196
hate,0.0033242711565967,2.6681107751116904
young,0.0033003244441157085,2.716190949320682
brought,0.00329902506188812,2.704512792884339
corn,0.0032983191595051466,3.3356991687321225
gave,0.0032923604354872646,2.664413983720798
foods,0.0032922908847940807,3.3398654348684738
least,0.0032755558515153212,2.655064105205224
3,0.0032567382940012785,2.828277276981937
notdown,0.003254025889196129,2.6589668741876484
notwell,0.003247342669332554,2.672278590155555
order,0.0032448502575789834,2.669744339708637
platter,0.0032233374713851676,3.3153934229208413
reason,0.0032228160106668505,2.8370230173315267
limited,0.003221743213700825,2.9298635360186065
notover,0.0032082185594050666,2.6460529742534473
top,0.0032019059316284433,3.280072698699306
notout,0.003197416929710108,2.649085578463931
dim,0.0031800601484998146,3.0900238897930863
afternoon,0.0031710846537674744,3.140771079690129
chili,0.0031675163298444456,3.32478770636344
bone,0.003151708723706905,3.327838628744066
bacon,0.0031485151692511484,3.330020021984568
same,0.0031341190448855067,2.658972804378241
peppers,0.0031318031270703497,3.3441335492048303
felt,0.003129565155059246,2.704215251866751
asian,0.003121347392064105,3.277544811521633
notthat,0.0031180314958477945,2.673137191519022
flavor,0.003100807086455617,3.2468586303254754
notfrom,0.0030975210158735115,2.676306063568282
simple,0.003097102881051066,3.330648055816754
you're,0.003097002349717191,3.307647530858556
bun,0.003075594679228416,3.1688580080541278
well,0.003072901478685739,3.3396634336527873
fried,0.003066834032122811,3.282095761428181
coffee,0.003055526284392157,3.3451651145826666
view,0.003054865900333121,3.3130317681233494
both,0.003050489719062514,3.3403017972786775
forward,0.003033315159157278,3.2583444474276737
notbar,0.0030287206466944046,2.6811875356491726
prime,0.003023870195334606,3.330420041383022
toppings,0.003017688822856147,3.2958998070961942
notas,0.003014765561600282,2.876702570302734
notaround,0.0030129608168008525,2.7186928164346402
music,0.0029997053702413624,3.32798658606853
side,0.0029916411750985756,3.2377488762266466
hot,0.002989941115545862,3.32353711518515
mac,0.0029879728596882383,3.3106585645977327
used,0.002966349820368472,2.6745060389259385
counter,0.002966030274995801,2.668868052274792
joint,0.00296377893225565,3.2904442475731934
talk,0.0029633475291323207,2.8159363314179884
salmon,0.0029597710255532665,3.310648312351738
box,0.0029543722644204103,2.6627462160832334
very,0.0029423073028953797,3.330599027000603
size,0.0029399519702823216,3.1547617183577965
salads,0.0029383957688288334,3.304548935994708
cook,0.0029376560633800467,2.6883200999925894
seem,0.0029348433476627162,2.9797545743359692
above,0.0029308172954848268,3.271859070726112
ended,0.0029280923024522553,2.666158562121263
sides,0.0029270919794593853,3.3066391769336207
half,0.0029248763226076644,2.6605358559053105
door,0.002911562159037985,2.754344526723841
sashimi,0.0029075658888013797,3.3040873947340184
will,0.002891038136953505,3.1438641123683606
area,0.0028807910100328935,3.2838371527190495
taken,0.00287308895864975,2.729862985978563
onion,0.0028616833004865287,3.193594384657551
far,0.0028615021502040386,3.2631113589571936
2,0.002843833306835352,2.6903232185919816
expect,0.002841653726721112,2.8793825627956817
nothot,0.0028381621238126437,2.7520864505633647
milk,0.0028362371410685914,3.3158792496477325
server,0.0028227605928038495,2.690380125847727
despite,0.002811326735110046,2.941303560243213
blue,0.0028055829645639674,3.3187214434483785
hash,0.0028030645804811897,3.2887738963660134
cocktail,0.0027924812310836018,3.327056668518468
house,0.002778855399435749,3.3330250755374475
including,0.0027773708895725883,3.316456973173675
bean,0.002761486755151287,3.283679231350448
giving,0.002750821452869958,2.699500716914041
notsauce,0.0027490110411725727,2.729059236982608
notbetter,0.0027466338997058017,2.8894192034745427
bbq,0.0027461019877681827,3.3255572575793626
tomato,0.0027445581377826965,3.2953781304929572
wish,0.002736505306849649,3.2998043266874793
usual,0.002734405390566417,3.261878458563558
front,0.0027272656333722253,2.7113956213462718
visit,0.002718038611188276,3.3231189723757164
except,0.0027111154413660605,2.756332974618597
table,0.0027096176171874957,2.674343960185327
pieces,0.0026907916726357085,2.69680297435947
are,0.0026560601897627286,3.32428755237883
notpizza,0.002646086265497417,2.810873948924063
early,0.0026361959201205813,3.3062527635150185
but,0.0026314556574547976,2.9660644740977022
notmeal,0.002629178243534502,2.691013075293633
full,0.002628329723239771,3.30921987222574
pizzas,0.0026264068862113335,3.300621290141617
working,0.00262522212238481,2.7475772812586285
before,0.0026235650400089593,2.683990202799155
seafood,0.0026099192798497207,3.293267247644712
deep,0.0026097050787863307,3.1257441486640145
moved,0.002606513553122141,3.1354793899926454
during,0.002604165674458651,3.2744270306330177
not,0.0026012125132596634,2.6996279755027914
type,0.0025966752168656293,3.164739936517287
notthe,0.0025911362189179636,2.6899092477131896
kind,0.0025851929202976628,3.0629892977859647
tasting,0.002583394444805692,3.305920492718944
piece,0.002573371398950172,2.686413021680064
already,0.002566329545819202,2.753374821393323
dip,0.002561219194653466,3.2938760831071496
onions,0.002561190727984661,3.2297829205814725
eaten,0.002548363319620872,3.164545096125349
walking,0.00254822171318675,2.7224766350071268
extremely,0.00254543218153166,2.8291372632445584
considering,0.0025224332627511534,2.897498547946697
station,0.0025142483395251044,2.928770699084607
level,0.0025085203914407394,3.3099007433864287
50,0.002491802042096882,2.7020767813794935
menu,0.0024791209627479343,3.2859728561820494
new,0.0024786047967739673,3.230314189312393
toast,0.0024442897154704725,3.257367050397671
anyway,0.002411872415661763,2.8206905027167943
fruit,0.0023924936946180084,3.2824833440788983
daughter,0.002392366274884935,2.859954313758518
man,0.0023798828181398517,2.9953514957921046
sign,0.002369284653568378,2.7311478100141633
gravy,0.0023668097152493173,3.264411426382034
sort,0.002360318936886985,2.963052944375731
noton,0.0023519291246392724,2.6933963717274305
let,0.0023347746445406196,2.756814392315726
notit,0.0023252632972631682,2.7096728366912286
big,0.0023129092182479906,3.2445303941303254
cafe,0.0023018850957925246,3.258483713838908
yourself,0.0023001603969314793,3.0463345913391837
pho,0.0022922380752730333,3.1859617836936396
tacos,0.0022879248441265887,3.2915172399991866
notabout,0.0022871664300284558,2.716973657244464
weekend,0.002282823703921166,3.29555201075397
exactly,0.0022643122038487483,3.2905294311684723
crazy,0.0022546830790029842,3.2719895330370585
beef,0.0022502329297742684,3.25603593556634
items,0.0022458834422338842,3.1990096631407066
simply,0.002240350043730861,2.99200311068998
notby,0.002234198183660984,2.715793670250966
potatoes,0.0022233146814271193,3.2450049363566302
egg,0.0022198170757006144,3.2740469543617334
deal,0.0022076490456074817,3.248574205669369
seat,0.002177638369924676,2.729683109032847
tables,0.0021692758773513743,2.7255772573960444
special,0.002169038720186034,3.199481967394887
able,0.002153132903561776,3.2684011330103417
added,0.0021491029190957816,3.2683229312897164
birthday,0.0021359103350395013,3.135110891022851
ready,0.0021295130174511802,2.7961430999779204
floor,0.002125267223888627,2.7748927392238296
mixed,0.0021209469064696275,3.099257183051689
seated,0.0021166285748405555,2.7121492489982333
sausage,0.002112344519157622,3.267869040363545
our,0.002106950352825533,2.771461578918703
red,0.002103924034879316,3.2665203161317145
noteating,0.002100239391210999,2.721868086990054
enough,0.0020884468202438528,3.2325554136198327
11,0.0020850017146519205,2.735896598603501
entree,0.0020752421338044924,3.196914138342491
star,0.0020640696355912927,2.7544670741912616
dark,0.0020503958237921087,3.136716335322071
grab,0.0020462880593415628,3.16250231277444
lobster,0.002045410302455104,3.2686281749951496
turkey,0.0020449944142979476,3.2169010315825806
thin,0.0020361378859168775,3.1071727711727655
notget,0.0020349901486869364,2.719824082798419
available,0.002034590965615449,3.2017411353329743
years,0.0020337619643013304,3.069800878090361
less,0.00202856872947333,2.754368679534708
notmeat,0.0020217112729844153,2.7853259771019765
feel,0.002020867197298713,3.266793611726335
down,0.001999349592891415,2.7547892241284515
doing,0.001998400315407452,2.861256330619588
totally,0.0019962498969777194,3.013436664575957
chain,0.001994956483868417,3.003233372944426
different,0.001987797646004884,3.2639499578426148
under,0.0019846730644983873,2.733230299932631
think,0.001984025668545059,3.0032036152080313
could,0.001972515166468393,2.727105884285469
amount,0.0019688048852102296,3.2202947095371024
either,0.00196568482303315,2.7625655516905856
immediately,0.001962068618159625,2.884288340180446
notam,0.0019534189049052143,2.747903450395998
how,0.0019517131627970173,2.8291110449070604
noti,0.001949415283495843,2.729662871619185
lot,0.0019409229843057303,3.157526876954755
12,0.0019356725950270626,2.7353281157546787
notso,0.0019333249896856806,2.7426838240121816
regular,0.0019304594568289595,3.2463546498197804
notmind,0.0019300257752451401,2.9957692284252233
recently,0.001925460785419658,3.2716982492456417
wall,0.0019160471366656297,3.245354973945494
fries,0.0019154359260979842,3.142245016061225
dinner,0.001909811278618531,3.270479187232214
fair,0.0019051850923505296,3.1235139029324377
mean,0.0019000524637860588,2.7385908762109397
notin,0.0018953744113666376,2.7271779120277877
burger,0.0018931908063916081,3.191899696690358
give,0.0018891883435171377,2.7596800879416494
medium,0.0018879369495497552,2.9141040530954547
due,0.0018850617123680068,2.7889700901873344
last,0.0018782398444974183,2.77309282948263
notelse,0.0018664249130580046,2.779468783673091
who,0.0018525783056124018,2.8148757907567963
lettuce,0.0018490699552996524,2.7445101372052942
crab,0.0018422038857357527,3.2362118004593814
white,0.0018417696434566684,3.2192756959708526
warm,0.0018300042228323985,3.2505318744826392
notexpect,0.0018170356146308927,2.9381036065860586
ones,0.0018151594903242643,3.1550710988089974
mexican,0.0018108347503486466,3.247714318336076
such,0.0018072560713595324,3.154422822403106
rolls,0.0018039661491933542,3.2385162819485576
morning,0.001800656452235887,3.197140144027691
place,0.0017871430099885928,3.244820924903947
certainly,0.0017865939705902774,3.099123382732436
beer,0.0017863461645429815,3.219415200717383
offer,0.0017781001573670577,3.201443564587089
quickly,0.0017616550132629985,3.1930663587497676
included,0.0017605820625955899,3.174363627711721
can,0.001757988104375864,3.2577461067478968
slices,0.0017504178211576018,3.1138295621141037
club,0.0017442230120000013,3.117264776871605
4,0.0017408475910151123,2.9712402068717276
year,0.0017378889203864282,3.019657308944654
nottheir,0.0017275889933625454,2.741894418512411
pepper,0.0017247713032529429,3.1517152576796925
is,0.0017224358501013132,3.2615238351119458
thought,0.0017175259704043057,2.7950588677290757
reservation,0.001704587762137819,2.8359520601098906
n,0.0017029471180455282,3.2131756272707848
when,0.001700914384052161,2.749042220795195
oh,0.001686176332820159,3.052689856398105
salsa,0.0016833112719040312,3.1934315620627087
cheese,0.0016817980992541591,3.235394234952225
me,0.0016798832988264142,2.77248626014215
really,0.0016789982725516882,3.195179039921733
thick,0.001663665341033939,3.0962604202532575
here,0.001641700652703424,3.254755941186981
small,0.0016385922834686749,3.0817912657096027
notcheese,0.0016305010584122253,2.799191442778164
ordered,0.001606339373474166,2.760803738283885
notenough,0.001602516105512802,2.947723803848105
you,0.0015982685193192568,3.2369651858371715
made,0.001594862639947203,3.2269994788590766
reviews,0.001589216736007092,2.8165938781166733
knew,0.0015843577424164222,3.055541269688175
chinese,0.0015660177431685229,3.18584094299263
inside,0.0015610448041962898,3.183702392242632
salad,0.0015520169764357107,3.1937756424367927
nottry,0.0015465142614858676,3.239024701607367
dog,0.0015391365996642544,3.1496830131500997
right,0.0015321338026525995,3.230366132252779
back,0.001527131742722638,3.216020165957504
five,0.0015235598617110463,3.1872410577715216
came,0.0015207090461947304,2.7583754206014732
would,0.0015204549053212237,2.8014677500088303
notwith,0.0015202248570890496,2.774563965850909
rest,0.001520107928784528,2.7911175817228346
they're,0.0015199356826291106,3.212058170009599
notsay,0.0015090627309364316,2.8316900219299765
hour,0.001506176329299888,2.783669917488024
i'll,0.001505099244058197,3.1107756312001795
off,0.0015003942786468293,2.7627028632462824
plus,0.0014929403005583173,3.2325954970462485
sauce,0.0014924215509145877,3.199751115152281
high,0.0014919713972097292,2.9689171271009465
dish,0.0014894802077206623,3.168265015357877
change,0.001487523575201032,2.7645233811796808
stuff,0.001485865145130439,3.210432150606381
notof,0.0014767366094160213,2.778570149785257
husband,0.0014731662293069098,3.0300233838435675
roll,0.0014696340195342096,3.219804170747458
price,0.0014624802544508592,3.112308628373621
corner,0.0014533341790259847,3.150736167622296
those,0.0014518455562293321,3.196490103305476
wife,0.0014502034927170102,3.0364432993131993
wrap,0.001446420523850141,3.155131170393911
guys,0.0014452134991012305,2.963964600442004
much,0.0014409302719987384,2.932211827335605
chose,0.00143855134758057,3.1761881791107
free,0.0014357039920114738,3.2351148602345736
help,0.001434161552447798,2.826335367436686
ago,0.0014334152729123038,2.792861062579983
shrimp,0.0014288120790742246,3.2133664719527126
because,0.001428615963299086,2.7684428968528434
between,0.0014243145106828806,3.1615154296523813
pasta,0.0014183243792009977,3.1064762429999417
we,0.0014122725065697853,2.8294479345217303
more,0.0013955827267983373,3.0924394511048066
notfeel,0.0013897890640013038,2.999534091403587
beans,0.0013879351225089365,3.168948296501352
bread,0.0013858421557194963,3.1941651197849703
run,0.0013833965160000633,2.912993915596034
noodles,0.001383266668524919,3.0546613654393266
old,0.001372486600937766,2.835320110640561
make,0.001372482405820204,3.1784740542307417
tastes,0.001369717610101538,3.1902310589520178
cup,0.0013662887756694427,2.768957431541035
decided,0.0013605405099667142,2.797825443124602
may,0.0013600501442386683,3.106456717034713
finished,0.0013546889151884263,2.8107102868973626
places,0.0013530131815120915,3.223692528489978
with,0.001345546482141277,3.2205619237355347
mom,0.0013343461211159046,3.177011689283383
thinking,0.0013286915243561515,2.8602282110185837
appetizers,0.0013273777715010079,3.1991332940112054
juice,0.0013188944190191563,3.2227065368713195
honestly,0.0013170324746860816,2.8335095171380864
past,0.0013161850445792475,2.780051764272043
party,0.0013116021633053161,2.805051498707271
almost,0.0013070813322740341,2.8105447304337865
nota,0.0013034870562756578,2.7863842646308274
dressing,0.0013001389492438232,3.0901126588464503
tea,0.0012995173895538022,3.1933678328015436
each,0.0012916570040810635,3.2133747788681086
nothave,0.0012905214159654025,2.7773941492448158
notdinner,0.0012882182981915735,2.8684090405120495
outside,0.0012854919650183666,3.1815508961395875
might,0.0012757355940181906,2.957264411380315
home,0.0012722696645530178,3.183436480655093
based,0.0012676714723830482,2.9460074842594186
kept,0.0012671103797352486,2.79498351854227
come,0.0012640468734671391,3.211941684908089
watch,0.0012572238645863364,3.151061450303693
9,0.0012519496956165685,2.7916633648005384
guacamole,0.0012508734432286454,3.1813406638884763
notbig,0.0012472366308937163,3.0099754584796408
tomatoes,0.0012444216474883836,3.1697306995591985
main,0.0012413592268135237,3.1586541145416147
ribs,0.0012388674820191883,3.2014553086964095
filled,0.0012338886969474664,3.1804618612290008
casino,0.0012332201624776179,2.96526956431516
feeling,0.0012285767541595244,3.117696699851473
notthan,0.0012234845225199832,2.81991204827432
which,0.0012217427098206602,3.1170665252403924
6,0.001210409732525798,2.812017091188832
went,0.0011954040234459463,2.8099459845347536
friends,0.0011931944453559525,3.2038585442022627
their,0.0011917429916742535,3.2095792417553706
notmore,0.0011837785817916736,2.8025976652619695
late,0.0011785301354592982,3.0566661656671297
its,0.001174688037149166,3.170619841269439
experience,0.0011736699158649444,2.9484703138547577
find,0.001173324969659966,3.2106783662397573
rare,0.0011537689487717577,3.1666151738289536
anything,0.001153742525914264,2.8683245186128885
some,0.0011515165715296394,3.1064253804739193
8,0.0011514719095048482,2.813500551349829
others,0.0011369261071390237,3.0169276509486886
chance,0.0011298116166607673,2.8137935643153886
at,0.001127843801061723,2.796932328220374
per,0.001126042465988069,2.988428212948928
making,0.0011247680482106722,3.0238930000324746
notare,0.0011176860831435466,2.797675768017399
keep,0.0011167010988496304,3.171027100896515
notsince,0.0011140782550936935,2.7959437700460668
remember,0.0010977239046330287,3.1894523217735817
meals,0.0010923437010986986,3.1783174155795866
long,0.0010912631931710077,2.7938127317214603
four,0.0010882447095943272,3.0438710440997796
offered,0.001085041014150681,2.8286761758147945
watching,0.0010841696201737672,3.103558270848747
bite,0.0010795117560071566,3.186108635576351
do,0.0010778012084312854,2.7954863921780384
restaurants,0.0010740921442140108,3.1857559351297833
gets,0.001068335176436765,3.204768077975659
too,0.0010655470589121013,3.0560783892990195
second,0.0010625259021546643,2.8150412175088113
way,0.0010433768171560348,2.8145467852327877
takes,0.0010415516208225584,2.893784296388205
notyou,0.0010414015301325658,2.825296047812437
comes,0.0010343617924115384,3.166222857697939
we're,0.0010232250981512582,2.931614781053372
notmany,0.0010231490610147465,2.900045378143552
notlong,0.0010058344932958741,2.8012334496080253
does,0.0010030627027635445,2.810303713033914
soup,0.001000909415277888,3.1078691952205197
chips,0.001000126790100144,3.076703278846824
etc,9.906808543041568e-4,3.119312543277301
cheap,9.889910005064057e-4,2.967417597033996
entrees,9.87437631146792e-4,3.086931538210022
still,9.860761327876724e-4,2.870988658667757
dining,9.819273225783536e-4,3.1959249883347804
sushi,9.796596675708733e-4,3.194866207577561
them,9.78889631892205e-4,2.814550215270172
just,9.716765096989636e-4,2.8556900993211576
most,9.716603123606991e-4,3.1782917787128984
even,9.665322873661998e-4,2.9275602285948223
own,9.617183045737377e-4,3.189416042766616
than,9.592225390939853e-4,3.0276296681062123
point,9.540570818782855e-4,2.855541827191752
days,9.479680763668589e-4,3.0980607419363304
rice,9.466763911630542e-4,3.091191150227874
done,9.444040542393778e-4,2.830549664423186
notother,9.36643436404321e-4,2.8292140353334276
fat,9.363455783781491e-4,2.9915606554025738
cooked,9.31665538162799e-4,3.17073662806275
these,9.261628524163606e-4,3.1649962780607725
only,9.204595347462059e-4,2.846972486877283
your,9.190218344228428e-4,3.162333856906706
notwhich,9.172088896936028e-4,2.86934082995768
notbefore,9.114526492140665e-4,2.857282777631044
visited,9.099897681454531e-4,3.1663992881816325
pizza,9.028817357328545e-4,3.1546370332403018
double,8.969190402720314e-4,3.1529362359928355
yet,8.892246798490184e-4,3.1511294240020105
wait,8.746262316766916e-4,2.8414690376955494
spring,8.711959684529258e-4,3.1658703086739006
ice,8.700382132052732e-4,3.1763456906659253
heard,8.69752797414805e-4,2.8300596615840474
up,8.642362808200748e-4,2.8225485702002193
actually,8.538896359627846e-4,2.872426470576317
buffet,8.473641606375538e-4,2.9361207309065858
all,8.45190024792767e-4,3.1647869012805114
months,8.386786512063755e-4,2.8516601681037264
looks,8.384582679590233e-4,2.8833359857571312
quality,8.227804401448259e-4,3.1185456702511734
yelp,8.22525155295623e-4,3.101017916337975
low,8.218860627315045e-4,2.8284790649109404
eat,8.212006785658747e-4,3.139769702847537
line,8.14837083914909e-4,2.8210240488291176
this,8.067316876402562e-4,3.067519673651937
review,8.022812055622321e-4,2.845647815039098
hotel,7.974833623427595e-4,2.9330216889478082
next,7.958382947643063e-4,3.1487007955650226
appetizer,7.91245880452697e-4,3.159955512504886
has,7.898114009951987e-4,3.1761867006444398
7,7.880238017546655e-4,2.8239271655640534
busy,7.868899547583877e-4,3.112989160111343
start,7.858133530825971e-4,3.0983269412168553
know,7.797534736207793e-4,2.8975285755538605
buy,7.742211876967513e-4,2.8449559718107635
reservations,7.688958261237566e-4,3.1344797871189343
hard,7.679601031116732e-4,2.8640922339149366
street,7.669199173776123e-4,3.1072683413160576
check,7.660560132224528e-4,2.841946182642588
note,7.64381766109194e-4,3.065258737416555
evening,7.642554901952866e-4,3.162257103551718
bowl,7.564421139867699e-4,3.033077544935758
other,7.397872995714131e-4,2.899798810786823
friday,7.379578604721517e-4,3.1402776500133904
have,7.356897416032762e-4,3.155901568317239
notplaces,7.280428407675521e-4,3.1014433150789684
two,7.209842050883591e-4,2.850101997842263
what,7.15458913370111e-4,2.843714582600377
was,7.091608504497974e-4,2.8876973202412333
twice,7.016027286390091e-4,2.8681281414457804
hope,6.996625703379101e-4,2.90385195778025
found,6.99035513565132e-4,3.1599590732348792
upon,6.988149486182952e-4,2.9755965619195504
mind,6.96835797150062e-4,2.89917699239903
pulled,6.917297498515193e-4,3.089274380888377
add,6.900417777150708e-4,3.1485193485443017
day,6.893079082605414e-4,3.141176687527446
notcan,6.833456412524382e-4,2.915737333893601
calamari,6.822420001812622e-4,3.1039840460037
thing,6.813205374928881e-4,2.8845350836457415
steak,6.785333083589207e-4,3.140909104158877
through,6.772148378839415e-4,2.936592925934487
something,6.607047057720709e-4,2.9060561117144834
work,6.580148932722345e-4,3.0800926193786746
now,6.572379957907878e-4,2.9799261849591376
were,6.570496841385734e-4,2.8634830249833185
hungry,6.567373646093498e-4,2.848616671281009
about,6.55767337990544e-4,2.8462577375940428
things,6.549171832930762e-4,3.060237876907635
any,6.506130625732103e-4,2.8958820810336348
show,6.475010959419392e-4,3.0640905163967114
three,6.388930942888113e-4,2.8911648897738726
believe,6.362439125032264e-4,3.1288189765116163
few,6.325310245481792e-4,3.0260519480730923
and,6.285026829190735e-4,3.137996948595436
job,6.257349013740951e-4,3.070435612147691
meat,6.232490479311033e-4,3.0674445762992595
read,6.188835696992612e-4,2.8454650840673215
got,6.16455512273025e-4,2.8459749485776755
servers,6.12575160174256e-4,2.8594540407650815
chicken,6.1050669265456e-4,3.128169520024209
tried,6.017019451392857e-4,3.1304823605430934
slice,5.91875057738969e-4,3.082258698030627
eating,5.789063725325058e-4,2.89675551768647
notlike,5.67991221841126e-4,2.901544085262057
near,5.670671871120902e-4,3.121604284748059
a,5.607249425584016e-4,3.110074810503829
black,5.520907002413851e-4,3.0697864477504035
notis,5.499013464487033e-4,2.855705134638695
middle,5.426937056367511e-4,2.871914794434895
boyfriend,5.401323536938382e-4,3.0946585236645525
sunday,5.399144838724267e-4,3.131800856331558
burrito,5.3765650029146e-4,3.132738512887408
name,5.327673935205988e-4,2.961233770955754
plate,5.248197454263388e-4,2.8961275207850514
getting,5.225567830266706e-4,2.869577515118101
as,5.210505056987536e-4,3.1401751029077483
orange,5.194366054922781e-4,3.1322141043019354
looking,5.173201922270992e-4,3.1401692670179764
drink,5.127957984690186e-4,2.89673934493465
seen,5.110495402965648e-4,2.8650340834488457
notyet,5.089115175682627e-4,2.982178502723608
people,5.081180613740761e-4,2.8772155433541453
needed,5.07099594720728e-4,2.936241526844869
eggs,5.05234875438843e-4,3.105414686298039
fish,5.047506894201262e-4,3.089243112882352
like,5.018861034222688e-4,2.90604773878808
together,4.997763531558185e-4,2.9467336232934587
go,4.990865631087764e-4,3.131998137269714
take,4.96166724601421e-4,2.9016911589675427
going,4.95363866751433e-4,2.974360860142686
nachos,4.948831099756676e-4,3.0280947728144265
bottle,4.896812676912782e-4,3.036830192908062
taste,4.893461476329706e-4,3.0467431682791775
priced,4.7504337065212723e-4,3.1258515395330435
there,4.66349905457961e-4,2.8659762011488423
open,4.6559749171199083e-4,3.1123112194669353
notfind,4.5897221719053404e-4,3.0918453735285354
sour,4.4683902083461326e-4,2.9805193726470525
that,4.431612647367425e-4,2.8702305402215456
notsome,4.3951633020129213e-4,2.9975796737003235
notbeen,4.366526750774316e-4,2.9784885246217216
number,4.3647827479475153e-4,2.9163453058385698
item,4.352860832473712e-4,2.9322044425589477
fact,4.284703669448468e-4,2.8970212829716475
where,4.2537248471786706e-4,2.871714979857145
use,4.237692334580014e-4,2.9278427066544994
trying,4.222170103072902e-4,2.876462734846643
short,4.2063252379856636e-4,3.0732142064191463
night,4.1851903600829667e-4,3.097294986429926
being,4.1784917697643245e-4,2.8827625033016036
sandwich,4.162799706928083e-4,3.094788015116443
couple,4.101758910990036e-4,2.980789142499075
again,4.0976955686263943e-4,3.102581207447317
sit,3.992196730527107e-4,3.0305646591927533
game,3.974853302698609e-4,2.9850652558081774
saturday,3.9681330153395404e-4,3.036491544415168
grill,3.941231847786211e-4,3.07217512473946
vegetables,3.905720114742832e-4,3.0630389522687214
several,3.898927588820189e-4,2.949663708504149
bring,3.880687998287903e-4,2.9837465531431575
to,3.7524363801134513e-4,2.8932928349690257
notbut,3.7225412406045974e-4,3.0271676169130695
stopped,3.7151614964396075e-4,3.0745599837089155
notmenu,3.707480239371875e-4,2.9219109099810643
set,3.633507251517732e-4,3.100969974019457
out,3.6073320046909355e-4,2.896808807844966
5,3.577238641039437e-4,3.0828807073710287
part,3.458167392419528e-4,2.9521139419945235
room,3.45681204863387e-4,2.9782112353879917
hand,3.4064474190312517e-4,2.987831348274045
head,3.299616080586257e-4,2.94809086143905
many,3.296134500823212e-4,3.068882802161386
while,3.269451973556098e-4,2.958325438257928
opened,3.221370310964823e-4,3.0100535932414907
bar,3.1720271121106827e-4,3.054061740587487
yes,3.107927896150825e-4,3.0619230413118275
friend,3.1019318459393975e-4,2.9777684614788575
say,3.0704390014002194e-4,2.907408426780776
notneed,3.053116125687543e-4,3.0005228799942394
from,3.0212660504971085e-4,3.061167642112572
myself,2.9914083064452456e-4,2.987923446138026
group,2.988711100855211e-4,2.9722312622073996
first,2.976913861952892e-4,2.9750988914496563
nothad,2.9678014051648724e-4,2.8943383931882853
in,2.9653967666677243e-4,3.0955240502805
started,2.9229138839691784e-4,2.9474748505463717
it,2.8971949469950567e-4,3.0284713193088275
my,2.8762245399547003e-4,2.9983956499063145
service,2.766312368718768e-4,3.051164624795124
within,2.7585586307575895e-4,3.033754395648391
walk,2.7428464284122564e-4,3.027374510628106
look,2.6736406736187457e-4,2.909701940832995
ate,2.64307636764611e-4,2.95760437207385
of,2.6186263599582417e-4,3.087284816008247
cut,2.596805227580367e-4,2.9203677293796426
goes,2.578385341203552e-4,3.072175677038083
ordering,2.551651259681838e-4,2.929344835650865
mine,2.490600120249625e-4,2.9398458980016406
meal,2.457996772350225e-4,3.0905596611894346
normally,2.445813850083484e-4,2.977777362835511
served,2.4132209443748908e-4,3.021809181181042
want,2.4028454488320993e-4,3.08778148253587
need,2.2740382413837863e-4,2.9945879583715436
restaurant,2.2078178305647754e-4,3.0197707417333612
oil,2.131070758040172e-4,2.924502883171064
food,2.085414600844748e-4,3.0262510530355398
end,2.0625556979906004e-4,2.9948682697817897
non,2.0161494697431794e-4,3.0134375444452988
time,1.9455828600100486e-4,3.0396278185968035
into,1.939919059432725e-4,2.9165671708152368
they,1.8402096176642154e-4,2.925368698138801
whatever,1.8027229051633255e-4,2.934935103329364
or,1.799380269439771e-4,3.0131715400032033
serve,1.7182224270194746e-4,2.9712382936983883
extra,1.661160471966079e-4,2.9787944730092977
serving,1.6600018532637184e-4,2.9365347797724417
close,1.6544739473932184e-4,2.9809294030628575
having,1.5974584367729923e-4,2.9523822322094984
so,1.5290742199427956e-4,3.0535335464342848
am,1.5283119525154003e-4,3.0720138848571183
an,1.5051528207729183e-4,2.940112428194664
by,1.4690185890966934e-4,2.9825737693337566
taco,1.445850258581516e-4,3.0216343287319516
since,1.3674137078981428e-4,3.0321747708956743
the,1.1752044589671014e-4,3.058417742523395
without,1.1321342397164809e-4,2.9739315584044
if,1.129620455527385e-4,2.9467407016223244
been,1.1246180591923416e-4,2.9950563994968213
around,1.1123686579726436e-4,2.958897301249644
on,1.0526997576379814e-4,3.037609813430918
for,1.0124077709692113e-4,3.0363346063964927
glass,9.344024740229396e-5,2.9433833843977064
pick,6.923820519669442e-5,2.9994289373930236
one,6.472122570014535e-5,3.022136525912563
get,6.257209936076545e-5,2.9819930070771434
had,5.812045588922765e-5,3.0226771062366624
across,5.0949478738553394e-5,2.9925997202383674
wings,5.08928479122977e-5,2.9838721685276193
drinks,5.078502059458733e-5,2.97597582830415
plates,4.464279513693556e-5,2.978498889730652
times,4.0680409864709375e-5,2.9727998991029647
kids,3.703252956748768e-5,3.029291717755582
whole,3.48063015642448e-5,2.9840588461918296
once,2.782834693437176e-5,2.990629985214391
location,2.0579446018254686e-5,2.9750881940931677
see,1.8472364513447077e-5,3.0096692254745707
i,1.8322206636198978e-5,2.97729150779984
be,8.809190994595377e-6,3.0076185631407584
